{
    "name": "ETHAX Default List",
    "timestamp": "2021-05-06T00:00:00Z",
    "version": {
      "major": 3,
      "minor": 0,
      "patch": 0
    },
    "tags": {},
    "logoURI": "https://pancakeswap.finance/logo.png",
    "keywords": [
      "default",
      "pancake"
    ],
    "tokens": [
      {
        "name": "ETHAX Token",
        "symbol": "ETHAX",
        "address": "0x854f7cd3677737241e3eed0dc3d7f33dfaf72bc4",
        "chainId": 56,
        "decimals": 18,
        "logoURI": "https://www.ethax.io/images/logo_icon.png"
      },
      {
        "name": "WBNB Token",
        "symbol": "BNB",
        "address": "0xbb4CdB9CBd36B01bD1cBaEBF2De08d9173bc095c",
        "chainId": 56,
        "decimals": 18,
        "logoURI": "https://pancakeswap.finance/images/tokens/0xbb4CdB9CBd36B01bD1cBaEBF2De08d9173bc095c.png"
      },
      {
        "name": "BUSD Token",
        "symbol": "BUSD",
        "address": "0xe9e7CEA3DedcA5984780Bafc599bD69ADd087D56",
        "chainId": 56,
        "decimals": 18,
        "logoURI": "https://pancakeswap.finance/images/tokens/0xe9e7CEA3DedcA5984780Bafc599bD69ADd087D56.png"
      },
      {
        "name": "TRX Token",
        "symbol": "TRX",
        "address": "0x85EAC5Ac2F758618dFa09bDbe0cf174e7d574D5B",
        "chainId": 56,
        "decimals": 18,
        "logoURI": "https://pancakeswap.finance/images/tokens/0x85EAC5Ac2F758618dFa09bDbe0cf174e7d574D5B.png"
      },
      {
        "name": "DOGE Token",
        "symbol": "DOGE",
        "address": "0xbA2aE424d960c26247Dd6c32edC70B295c744C43",
        "chainId": 56,
        "decimals": 8,
        "logoURI": "https://tokens.pancakeswap.finance/images/0xbA2aE424d960c26247Dd6c32edC70B295c744C43.png"
      },
      {
        "name": "MATIC Token",
        "symbol": "MATIC",
        "address": "0xCC42724C6683B7E57334c4E856f4c9965ED682bD",
        "chainId": 56,
        "decimals": 18,
        "logoURI": "https://s2.coinmarketcap.com/static/img/coins/64x64/3890.png"
      },
      {
        "name": "AVAX Token",
        "symbol": "AVAX",
        "address": "0x1CE0c2827e2eF14D5C4f29a091d735A204794041",
        "chainId": 56,
        "decimals": 18,
        "logoURI": "https://s2.coinmarketcap.com/static/img/coins/64x64/5805.png"
      },
      {
        "name": "Ethereum Token",
        "symbol": "ETH",
        "address": "0x2170Ed0880ac9A755fd29B2688956BD959F933F8",
        "chainId": 56,
        "decimals": 18,
        "logoURI": "https://pancakeswap.finance/images/tokens/0x2170Ed0880ac9A755fd29B2688956BD959F933F8.png"
      },
      {
        "name": "BTCB Token",
        "symbol": "BTCB",
        "address": "0x7130d2A12B9BCbFAe4f2634d864A1Ee1Ce3Ead9c",
        "chainId": 56,
        "decimals": 18,
        "logoURI": "https://pancakeswap.finance/images/tokens/0x7130d2A12B9BCbFAe4f2634d864A1Ee1Ce3Ead9c.png"
      },
      {
        "name": "Tether USD",
        "symbol": "USDT",
        "address": "0x55d398326f99059fF775485246999027B3197955",
        "chainId": 56,
        "decimals": 18,
        "logoURI": "https://pancakeswap.finance/images/tokens/0x55d398326f99059fF775485246999027B3197955.png"
      },
      {
        "name": "Venus",
        "symbol": "XVS",
        "address": "0xcF6BB5389c92Bdda8a3747Ddb454cB7a64626C63",
        "chainId": 56,
        "decimals": 18,
        "logoURI": "https://pancakeswap.finance/images/tokens/0xcF6BB5389c92Bdda8a3747Ddb454cB7a64626C63.png"
      },
      {
        "name": "Pancake Bunny",
        "symbol": "BUNNY",
        "address": "0xC9849E6fdB743d08fAeE3E34dd2D1bc69EA11a51",
        "chainId": 56,
        "decimals": 18,
        "logoURI": "https://pancakeswap.finance/images/tokens/0xC9849E6fdB743d08fAeE3E34dd2D1bc69EA11a51.png"
      },
      {
        "name": "Alpaca",
        "symbol": "ALPACA",
        "address": "0x8F0528cE5eF7B51152A59745bEfDD91D97091d2F",
        "chainId": 56,
        "decimals": 18,
        "logoURI": "https://pancakeswap.finance/images/tokens/0x8F0528cE5eF7B51152A59745bEfDD91D97091d2F.png"
      },
      {
        "name": "Belt",
        "symbol": "BELT",
        "address": "0xE0e514c71282b6f4e823703a39374Cf58dc3eA4f",
        "chainId": 56,
        "decimals": 18,
        "logoURI": "https://pancakeswap.finance/images/tokens/0xE0e514c71282b6f4e823703a39374Cf58dc3eA4f.png"
      },
      {
        "name": "TokoCrypto",
        "symbol": "TKO",
        "address": "0x9f589e3eabe42ebC94A44727b3f3531C0c877809",
        "chainId": 56,
        "decimals": 18,
        "logoURI": "https://pancakeswap.finance/images/tokens/0x9f589e3eabe42ebC94A44727b3f3531C0c877809.png"
      },
      {
        "name": "Nerve Finance",
        "symbol": "NRV",
        "address": "0x42F6f551ae042cBe50C739158b4f0CAC0Edb9096",
        "chainId": 56,
        "decimals": 18,
        "logoURI": "https://pancakeswap.finance/images/tokens/0x42F6f551ae042cBe50C739158b4f0CAC0Edb9096.png"
      },
      {
        "name": "Ellipsis",
        "symbol": "EPS",
        "address": "0xA7f552078dcC247C2684336020c03648500C6d9F",
        "chainId": 56,
        "decimals": 18,
        "logoURI": "https://pancakeswap.finance/images/tokens/0xA7f552078dcC247C2684336020c03648500C6d9F.png"
      }
    ]
  }
  