[{"anonymous":false,"inputs":[{"indexed":true,"internalType":"address","name":"previousOwner","type":"address"},{"indexed":true,"internalType":"address","name":"newOwner","type":"address"}],"name":"OwnershipTransferred","type":"event"},{"inputs":[],"name":"_owner","outputs":[{"internalType":"address","name":"","type":"address"}],"stateMutability":"view","type":"function"},{"inputs":[],"name":"daiToken","outputs":[{"internalType":"contract IBEP20","name":"","type":"address"}],"stateMutability":"view","type":"function"},{"inputs":[{"internalType":"uint256","name":"_amount","type":"uint256"}],"name":"depositDai","outputs":[],"stateMutability":"nonpayable","type":"function"},{"inputs":[],"name":"depositETH","outputs":[],"stateMutability":"payable","type":"function"},{"inputs":[{"internalType":"uint256","name":"_amount","type":"uint256"}],"name":"depositUSD","outputs":[],"stateMutability":"nonpayable","type":"function"},{"inputs":[{"internalType":"uint256","name":"_amount","type":"uint256"}],"name":"depositUsdc","outputs":[],"stateMutability":"nonpayable","type":"function"},{"inputs":[],"name":"getBlockNumber","outputs":[{"internalType":"uint256","name":"","type":"uint256"}],"stateMutability":"view","type":"function"},{"inputs":[],"name":"getDaiPrice","outputs":[{"internalType":"uint256","name":"","type":"uint256"}],"stateMutability":"view","type":"function"},{"inputs":[],"name":"getETHPrice","outputs":[{"internalType":"uint256","name":"","type":"uint256"}],"stateMutability":"view","type":"function"},{"inputs":[{"internalType":"uint256","name":"_amount","type":"uint256"}],"name":"getTokenfromDai","outputs":[{"internalType":"uint256","name":"","type":"uint256"}],"stateMutability":"view","type":"function"},{"inputs":[{"internalType":"uint256","name":"_amount","type":"uint256"}],"name":"getTokenfromETH","outputs":[{"internalType":"uint256","name":"","type":"uint256"}],"stateMutability":"view","type":"function"},{"inputs":[{"internalType":"uint256","name":"_amount","type":"uint256"}],"name":"getTokenfromUsdc","outputs":[{"internalType":"uint256","name":"","type":"uint256"}],"stateMutability":"view","type":"function"},{"inputs":[{"internalType":"uint256","name":"_amount","type":"uint256"}],"name":"getTokenfromusd","outputs":[{"internalType":"uint256","name":"","type":"uint256"}],"stateMutability":"view","type":"function"},{"inputs":[],"name":"getUsdcPrice","outputs":[{"internalType":"uint256","name":"","type":"uint256"}],"stateMutability":"view","type":"function"},{"inputs":[{"internalType":"contract IBEP20","name":"_usdToken","type":"address"},{"internalType":"contract IBEP20","name":"_daiToken","type":"address"},{"internalType":"contract IBEP20","name":"_usdcToken","type":"address"},{"internalType":"contract IBEP20","name":"_rewardToken","type":"address"},{"internalType":"uint256","name":"_tokenusdprice","type":"uint256"},{"internalType":"contract AggregatorV3Interface","name":"ppEth","type":"address"},{"internalType":"contract AggregatorV3Interface","name":"ppUsdc","type":"address"},{"internalType":"contract AggregatorV3Interface","name":"ppDai","type":"address"}],"name":"initialize","outputs":[],"stateMutability":"nonpayable","type":"function"},{"inputs":[],"name":"owner","outputs":[{"internalType":"address","name":"","type":"address"}],"stateMutability":"view","type":"function"},{"inputs":[],"name":"priceProviderEth","outputs":[{"internalType":"contract AggregatorV3Interface","name":"","type":"address"}],"stateMutability":"view","type":"function"},{"inputs":[],"name":"priceProviderdai","outputs":[{"internalType":"contract AggregatorV3Interface","name":"","type":"address"}],"stateMutability":"view","type":"function"},{"inputs":[],"name":"priceProviderusdc","outputs":[{"internalType":"contract AggregatorV3Interface","name":"","type":"address"}],"stateMutability":"view","type":"function"},{"inputs":[],"name":"receiver","outputs":[{"internalType":"address","name":"","type":"address"}],"stateMutability":"view","type":"function"},{"inputs":[],"name":"renounceOwnership","outputs":[],"stateMutability":"nonpayable","type":"function"},{"inputs":[],"name":"rewardToken","outputs":[{"internalType":"contract IBEP20","name":"","type":"address"}],"stateMutability":"view","type":"function"},{"inputs":[{"internalType":"uint256","name":"_amount","type":"uint256"},{"internalType":"address","name":"addr","type":"address"}],"name":"safeWithDrawBENG","outputs":[],"stateMutability":"nonpayable","type":"function"},{"inputs":[{"internalType":"uint256","name":"_amount","type":"uint256"},{"internalType":"address","name":"addr","type":"address"}],"name":"safeWithDrawDai","outputs":[],"stateMutability":"nonpayable","type":"function"},{"inputs":[{"internalType":"uint256","name":"_amount","type":"uint256"},{"internalType":"address","name":"addr","type":"address"}],"name":"safeWithDrawEth","outputs":[],"stateMutability":"nonpayable","type":"function"},{"inputs":[{"internalType":"uint256","name":"_amount","type":"uint256"},{"internalType":"address","name":"addr","type":"address"}],"name":"safeWithDrawUsdc","outputs":[],"stateMutability":"nonpayable","type":"function"},{"inputs":[{"internalType":"uint256","name":"_amount","type":"uint256"},{"internalType":"address","name":"addr","type":"address"}],"name":"safeWithDrawusd","outputs":[],"stateMutability":"nonpayable","type":"function"},{"inputs":[{"internalType":"address","name":"newreceiver","type":"address"}],"name":"setReceiver","outputs":[],"stateMutability":"nonpayable","type":"function"},{"inputs":[{"internalType":"uint256","name":"price","type":"uint256"}],"name":"settoken","outputs":[],"stateMutability":"nonpayable","type":"function"},{"inputs":[],"name":"test1","outputs":[{"internalType":"uint256","name":"","type":"uint256"}],"stateMutability":"view","type":"function"},{"inputs":[],"name":"tokenLimit","outputs":[{"internalType":"uint256","name":"","type":"uint256"}],"stateMutability":"view","type":"function"},{"inputs":[],"name":"tokenusdprice","outputs":[{"internalType":"uint256","name":"","type":"uint256"}],"stateMutability":"view","type":"function"},{"inputs":[{"internalType":"address","name":"newOwner","type":"address"}],"name":"transferOwnership","outputs":[],"stateMutability":"nonpayable","type":"function"},{"inputs":[{"internalType":"uint256","name":"_limit","type":"uint256"}],"name":"updateTokenLimit","outputs":[],"stateMutability":"nonpayable","type":"function"},{"inputs":[],"name":"usdToken","outputs":[{"internalType":"contract IBEP20","name":"","type":"address"}],"stateMutability":"view","type":"function"},{"inputs":[],"name":"usdcToken","outputs":[{"internalType":"contract IBEP20","name":"","type":"address"}],"stateMutability":"view","type":"function"},{"inputs":[{"internalType":"address","name":"","type":"address"}],"name":"userAmount","outputs":[{"internalType":"uint256","name":"","type":"uint256"}],"stateMutability":"view","type":"function"}]