[{
    "address": "0x8079d7f88b4a97630052a70b324245e8402c8e17",
    "chainId": 5,
    "decimals": 18,
    "name": "ETH Token",
    "projectLink": "https://www.paxos.com/busd/",
    "symbol": "ETH"
  },
  {
    "address": "0xb6b12c94d75b7ab557819cffef5926e64ed95346",
          "chainId": 5,
          "decimals": 18,
          "name": "BUSD",
          "projectLink": "http://picnicswap.wealwin.com/logo.png",
          "symbol": "BUSD"
  },
  {
    "address": "0xba090abead1ec56bc2691b4f0c500dbe1cfaf842",
          "chainId": 5,
          "decimals": 18,
          "name": "IND coin",
          "projectLink": "http://picnicswap.wealwin.com/logo.png",
          "symbol": "INDcoin"
  },
  {
    "address": "0x350fbf9431e15ecb491723ef2324c51d8f1e6758",
          "chainId": 5,
          "decimals": 18,
          "name": "Tether USD",
          "projectLink": "http://picnicswap.wealwin.com/logo.png",
          "symbol": "USDT"
  },
  {
    "address": "0xa652b4e2677d0aa7c938abc63d1e280b2862e57c",
          "chainId": 5,
          "decimals": 18,
          "name": "USDC",
          "projectLink": "http://picnicswap.wealwin.com/logo.png",
          "symbol": "USDC"
  }
  ]