[
    {
        "pid" : 0,
        "risk" : 5,
        "lpSymbol" : "ONE80 - DAI- LP",
        "alloc" : "2000",
        "isTokenOnly" : false,
        "lpAddresses" : "0x75C343635e887A9cF95B0d3516B0A27E18ae4A99",
        "tokenSymbol" : "ONE80",
        "tokenAddresses" : "0x85b39f6BC5D556985cb5Bf64dc0c32f09dE917B1",
        "quoteTokenSymbol" : "DAI",
        "quoteTokenAdresses" : "0x19d85C81bb55734EC9058B190FC28F7CDfE14a30",
        "depositFee" : "20",
        "tokenAImage" : "",
        "tokenBImage" : "",
        "logoURI" : "file-1641551098966"
    },
    {
        "pid" : 3,
        "risk" : 5,
        "lpSymbol" : "DAI - USDC- LP",
        "alloc" : "2000",
        "isTokenOnly" : false,
        "lpAddresses" : "0x01756595F5774B484296A7A149bb818b87A88c6c",
        "tokenSymbol" : "DAI",
        "tokenAddresses" : "0x19d85C81bb55734EC9058B190FC28F7CDfE14a30",
        "quoteTokenSymbol" : "USDC",
        "quoteTokenAdresses" : "0x00d2d355597Fe2dA38381702BaeA0d343241059A",
        "depositFee" : "20",
        "tokenAImage" : "",
        "tokenBImage" : "",
        "logoURI" : "file-1641551098966"
    },
    {
        "pid" : 1,
        "risk" : 5,
        "lpSymbol" : "ONE80 - ETH- LP",
        "alloc" : "2000",
        "isTokenOnly" : false,
        "lpAddresses" : "0x21487fd5CD18577da9B5D22c7668d91bd402F1Aa",
        "tokenSymbol" : "ONE80",
        "tokenAddresses" : "0x85b39f6BC5D556985cb5Bf64dc0c32f09dE917B1",
        "quoteTokenSymbol" : "ETH",
        "quoteTokenAdresses" : "0xF5849a6EC4ea6C4CCD065C7f661534F73516deD0",
        "depositFee" : "20",
        "tokenAImage" : "",
        "tokenBImage" : "",
        "logoURI" : "file-1641551098966"
    },
    {
        "pid" : 2,
        "risk" : 5,
        "lpSymbol" : "ONE80 - ETH- LP",
        "alloc" : "2000",
        "isTokenOnly" : false,
        "lpAddresses" : "0xc3B2cd9F2937B5fb742FCc3cCEBbAeF376fec345",
        "tokenSymbol" : "ONE80",
        "tokenAddresses" : "0x85b39f6BC5D556985cb5Bf64dc0c32f09dE917B1",
        "quoteTokenSymbol" : "USDC",
        "quoteTokenAdresses" : "0x00d2d355597Fe2dA38381702BaeA0d343241059A",
        "depositFee" : "20",
        "tokenAImage" : "",
        "tokenBImage" : "",
        "logoURI" : "file-1641551098966"
    }
]